{
    "mnli": {
        "outliers": [
            0.0, 0.240234375, 0.4150390625, 0.5048828125, 0.6953125,
            0.869140625, 0.96484375, 0.9912109375, 0.99609375, 0.9970703125,
            0.9970703125, 0.9970703125, 0.9970703125, 0.998046875, 0.998046875,
            0.998046875, 0.998046875, 0.998046875, 0.9990234375, 0.9990234375,
            0.9990234375, 0.9990234375, 0.9990234375, 0.9990234375, 0.0166015625
        ],
        "kurtosis": [
            9.249516487121582, 162.57684326171875, 152.33155822753906,
            218.50958251953125, 318.0997009277344, 354.64154052734375,
            510.3039245605469, 547.952392578125, 562.5397338867188,
            584.712646484375, 585.5288696289062, 578.1416625976562,
            573.559814453125, 566.05078125, 552.8743896484375, 527.179931640625,
            489.1192932128906, 446.9776916503906, 392.01470947265625,
            343.5210266113281, 311.3247985839844, 290.01702880859375,
            275.2409362792969, 278.0244140625, 512.5221557617188
        ],
        "rotated-kurtosis": [
            3.1099064350128174, 3.063145637512207, 2.829002857208252,
            2.8945508003234863, 3.1485977172851562, 3.012122392654419,
            3.1874947547912598, 3.0230419635772705, 2.8785014152526855,
            2.8657631874084473, 3.283165216445923, 3.0976016521453857,
            2.8821303844451904, 2.852457284927368, 3.014692544937134,
            2.96390438079834, 2.7770071029663086, 2.9167447090148926,
            3.0065724849700928, 3.1337926387786865, 2.8171563148498535,
            3.21767258644104, 3.099181652069092, 2.665675640106201,
            2.8439996242523193
        ],
        "rms": [
            0.0907880961894989, 4.053773880004883, 4.9769134521484375,
            6.011329650878906, 12.327672004699707, 12.86355209350586,
            14.844301223754883, 15.735222816467285, 16.27947235107422,
            16.987098693847656, 17.369935989379883, 17.514711380004883,
            17.682743072509766, 17.81634521484375, 18.06938362121582,
            18.348989486694336, 18.817672729492188, 19.39024543762207,
            20.26251220703125, 21.719593048095703, 23.183687210083008,
            25.26520538330078, 29.365955352783203, 35.105262756347656,
            4.641583442687988
        ],
        "accuracy": [
            0.33428425878757007, 0.35496688741721855, 0.35496688741721855,
            0.35455934793683136, 0.3550687722873153, 0.3548650025471218,
            0.35455934793683136, 0.35517065715741214, 0.3554763117677025,
            0.36372898624554256, 0.375649516046867, 0.3977585328578706,
            0.4322975038206826, 0.4503311258278146, 0.5245033112582781,
            0.6589913397860417, 0.7271523178807947, 0.7902190524707081,
            0.817524197656648, 0.8349465104431992, 0.8434029546612328,
            0.8464595007641366, 0.8474783494651045, 0.841365257259297,
            0.853998981151299
        ],
        "reversed-accuracy": [
            0.3226, 0.3451, 0.3272, 0.3268, 0.3262, 0.3274, 0.3272, 0.3387,
            0.3184, 0.318, 0.3195, 0.3182, 0.3297, 0.3263, 0.317, 0.3245,
            0.3198, 0.3274, 0.3251, 0.3322, 0.3283, 0.3274, 0.3535, 0.3205,
            0.854
        ]
    },
    "mnli-mm": {
        "outliers": [
            0.0, 0.203125, 0.3876953125, 0.4697265625, 0.6533203125,
            0.8525390625, 0.9580078125, 0.98828125, 0.9951171875, 0.99609375,
            0.9970703125, 0.9970703125, 0.9970703125, 0.998046875, 0.998046875,
            0.998046875, 0.998046875, 0.998046875, 0.9990234375, 0.9990234375,
            0.9990234375, 0.9990234375, 0.9990234375, 0.9990234375, 0.0166015625
        ],
        "kurtosis": [
            9.337559700012207, 163.31275939941406, 152.9856414794922,
            218.21856689453125, 315.5679626464844, 352.89984130859375,
            506.12689208984375, 543.339111328125, 557.7749633789062,
            579.2185668945312, 579.39111328125, 571.0901489257812,
            565.9389038085938, 558.2232666015625, 544.8894653320312,
            518.9790649414062, 481.2351989746094, 439.6166687011719,
            385.51568603515625, 338.00787353515625, 306.55712890625,
            286.3008728027344, 273.02362060546875, 277.0433654785156,
            515.3653564453125
        ],
        "rotated-kurtosis": [
            2.957907199859619, 3.0791015625, 2.940835952758789,
            2.819801092147827, 2.9236764907836914, 3.0400631427764893,
            2.9760637283325195, 3.1138176918029785, 2.991020441055298,
            2.9847371578216553, 2.8477678298950195, 3.0670316219329834,
            2.8310837745666504, 3.1197640895843506, 3.0043392181396484,
            2.893671989440918, 3.1659185886383057, 2.929196357727051,
            3.0416736602783203, 2.8482093811035156, 3.127484083175659,
            2.931342124938965, 2.9671809673309326, 3.059948205947876,
            2.8900747299194336
        ],
        "rms": [
            0.09069066494703293, 4.047167778015137, 4.949647426605225,
            5.962278842926025, 12.289244651794434, 12.823171615600586,
            14.781049728393555, 15.665687561035156, 16.207456588745117,
            16.906404495239258, 17.284666061401367, 17.425418853759766,
            17.589597702026367, 17.722900390625, 17.97203826904297,
            18.246204376220703, 18.71223258972168, 19.28230094909668,
            20.150497436523438, 21.593854904174805, 23.060218811035156,
            25.14063835144043, 29.238525390625, 35.01137161254883,
            4.6906256675720215
        ],
        "accuracy": [
            0.338893409275834, 0.3522172497965826, 0.35160699755899105,
            0.3520138323840521, 0.3520138323840521, 0.35211554109031734,
            0.3517087062652563, 0.3517087062652563, 0.3527257933279089,
            0.35923515052888527, 0.37144019528071603, 0.39351098454027666,
            0.42331163547599676, 0.4387713588283157, 0.5126118795768918,
            0.6514442636289667, 0.7255899104963385, 0.7881407648494712,
            0.8162123677786819, 0.8328925956061839, 0.8447925142392189,
            0.8471318144833198, 0.8460130187144019, 0.8405207485760781,
            0.8542514239218877
        ],
        "reversed-accuracy": [
            0.3272, 0.3454, 0.3295, 0.3302, 0.3278, 0.3295, 0.3229, 0.3391,
            0.318, 0.3204, 0.3177, 0.3182, 0.3307, 0.3295, 0.3169, 0.3225,
            0.3194, 0.3294, 0.3249, 0.3339, 0.3291, 0.3295, 0.3525, 0.3313,
            0.8543
        ]
    },
    "layers": [
        [0, 0],
        [1, 0],
        [2, 0],
        [3, 0],
        [4, 0],
        [5, 0],
        [6, 0],
        [7, 0],
        [8, 0],
        [9, 0],
        [10, 0],
        [11, 0],
        [12, 0],
        [13, 0],
        [14, 0],
        [15, 0],
        [16, 0],
        [17, 0],
        [18, 0],
        [19, 0],
        [20, 0],
        [21, 0],
        [22, 0],
        [23, 0],
        [24, 0]
    ]
}
