{
    "mnli": {
        "outliers": [
            0.0, 0.036458333333333336, 0.0546875, 0.09505208333333333,
            0.20572916666666666, 0.4049479166666667, 0.765625,
            0.9739583333333334, 0.9973958333333334, 0.99609375,
            0.9973958333333334, 0.99609375, 0.016927083333333332
        ],
        "kurtosis": [
            11.530987739562988, 74.23395538330078, 90.54161071777344,
            81.9015884399414, 86.26811981201172, 105.64187622070312,
            100.30066680908203, 103.70661926269531, 122.99493408203125,
            118.36399841308594, 106.42887115478516, 140.93807983398438,
            237.1605224609375
        ],
        "rotated-kurtosis": [
            2.895934820175171, 2.9088809490203857, 2.986337184906006,
            2.959698438644409, 2.80786395072937, 3.064624786376953,
            2.9237918853759766, 2.8390774726867676, 2.894273519515991,
            2.8421669006347656, 3.0546092987060547, 2.786712884902954,
            3.147925853729248
        ],
        "rms": [
            0.17225034534931183, 2.0643858909606934, 3.0273051261901855,
            8.524288177490234, 8.883384704589844, 9.326336860656738,
            9.624330520629883, 9.896242141723633, 10.363594055175781,
            10.659355163574219, 11.201777458190918, 14.235091209411621,
            2.4277515411376953
        ],
        "accuracy": [
            0.31818644931227713, 0.3193071828833418, 0.30799796230259807,
            0.27733061640346407, 0.3029037187977585, 0.3035150280183393,
            0.35812531839021905, 0.4814060112073357, 0.6679572083545593,
            0.742129393785023, 0.7904228222109017, 0.8135506877228732,
            0.8176260825267447
        ],
        "reversed-accuracy": [
            0.3182, 0.332, 0.3345, 0.318, 0.3185, 0.3293, 0.3263, 0.3277,
            0.3383, 0.3277, 0.3192, 0.3272, 0.8176
        ]
    },
    "mnli-mm": {
        "outliers": [
            0.0, 0.03515625, 0.048177083333333336, 0.09244791666666667,
            0.1953125, 0.4010416666666667, 0.7903645833333334, 0.9765625,
            0.9973958333333334, 0.9973958333333334, 0.9973958333333334,
            0.99609375, 0.018229166666666668
        ],
        "kurtosis": [
            11.628100395202637, 72.98341369628906, 90.12057495117188,
            81.67578887939453, 84.01290130615234, 105.4542007446289,
            99.70967864990234, 102.562255859375, 121.20836639404297,
            116.71751403808594, 104.99661254882812, 140.07614135742188,
            240.8310546875
        ],
        "rotated-kurtosis": [
            2.9982657432556152, 2.9242610931396484, 3.059941530227661,
            3.076453447341919, 3.087137222290039, 3.0465774536132812,
            3.080385208129883, 2.9890761375427246, 2.915923833847046,
            2.9232053756713867, 3.130277633666992, 2.8308770656585693,
            2.93198561668396
        ],
        "rms": [
            0.17218723893165588, 2.0651378631591797, 3.035829544067383,
            8.494613647460938, 8.844230651855469, 9.292006492614746,
            9.588150024414062, 9.86010456085205, 10.328376770019531,
            10.625204086303711, 11.165606498718262, 14.192648887634277,
            2.470057725906372
        ],
        "accuracy": [
            0.31946704637917006, 0.3197721724979658, 0.30583807973962573,
            0.2704434499593165, 0.29017493897477625, 0.2977013832384052,
            0.3524206672091131, 0.4988812042310822, 0.673413344182262,
            0.7445077298616761, 0.7951586655817738, 0.8192636289666395,
            0.8281122864117169
        ],
        "reversed-accuracy": [
            0.3182, 0.3305, 0.3348, 0.319, 0.318, 0.3257, 0.3281, 0.3292,
            0.3381, 0.3292, 0.3201, 0.3297, 0.8281
        ]
    },
    "layers": [
        [0, 0],
        [1, 0],
        [2, 0],
        [3, 0],
        [4, 0],
        [5, 0],
        [6, 0],
        [7, 0],
        [8, 0],
        [9, 0],
        [10, 0],
        [11, 0],
        [12, 0]
    ]
}
