{
    "mnli": {
        "outliers": [
            0.0, 0.0615234375, 0.13671875, 0.1845703125, 0.2900390625,
            0.458984375, 0.6611328125, 0.84765625, 0.939453125, 0.97265625,
            0.9931640625, 0.99609375, 0.99609375, 0.9951171875, 0.9951171875,
            0.9951171875, 0.99609375, 0.99609375, 0.9970703125, 0.9990234375,
            0.9990234375, 0.9990234375, 0.9990234375, 0.9990234375, 0.0166015625
        ],
        "kurtosis": [
            9.273660659790039, 173.9826202392578, 164.97169494628906,
            208.3507080078125, 310.8141174316406, 351.25299072265625,
            496.9951171875, 539.392333984375, 558.8390502929688,
            583.5189208984375, 588.0128784179688, 590.4271240234375,
            591.2632446289062, 583.6541748046875, 570.0747680664062,
            545.0783081054688, 506.1240539550781, 466.3509521484375,
            415.9222106933594, 373.8868713378906, 343.56646728515625,
            319.7117004394531, 293.5459289550781, 267.57080078125,
            660.3255004882812
        ],
        "rotated-kurtosis": [
            3.110149621963501, 3.0480051040649414, 2.8347997665405273,
            2.903543710708618, 3.1290507316589355, 3.0135347843170166,
            3.1675968170166016, 3.0455148220062256, 2.89835262298584,
            2.859102725982666, 3.2765696048736572, 3.109682321548462,
            2.868330478668213, 2.8789103031158447, 3.0325300693511963,
            2.958184003829956, 2.784430742263794, 2.931823253631592,
            3.0137133598327637, 3.132070541381836, 2.8368301391601562,
            3.2016680240631104, 3.1162943840026855, 2.6424453258514404,
            2.871633529663086
        ],
        "rms": [
            0.09079411625862122, 3.857383966445923, 4.720331192016602,
            5.622926235198975, 11.931619644165039, 12.586234092712402,
            14.41790771484375, 15.339018821716309, 15.959508895874023,
            16.71660614013672, 17.15043067932129, 17.378114700317383,
            17.617216110229492, 17.790496826171875, 18.04635238647461,
            18.356613159179688, 18.885963439941406, 19.4237003326416,
            20.28208351135254, 21.503822326660156, 22.798973083496094,
            24.40900230407715, 27.57952308654785, 31.186477661132812,
            7.484130382537842
        ]
    },
    "mnli-mm": {
        "outliers": [
            0.0, 0.0693359375, 0.1328125, 0.1748046875, 0.2880859375,
            0.4462890625, 0.6318359375, 0.8203125, 0.9287109375, 0.9677734375,
            0.9892578125, 0.99609375, 0.99609375, 0.9951171875, 0.9951171875,
            0.9951171875, 0.9970703125, 0.9970703125, 0.9970703125, 0.998046875,
            0.9990234375, 0.9990234375, 0.9990234375, 0.9990234375, 0.0166015625
        ],
        "kurtosis": [
            9.362412452697754, 174.6005096435547, 165.28631591796875,
            208.0424346923828, 309.6363830566406, 349.4828186035156,
            492.6427917480469, 534.8610229492188, 554.1175537109375,
            578.0092163085938, 581.9011840820312, 583.9462890625,
            584.5018920898438, 576.7992553710938, 563.1450805664062,
            538.0139770507812, 499.2745056152344, 459.8404846191406,
            410.05035400390625, 368.85736083984375, 339.02288818359375,
            316.0172119140625, 290.992431640625, 265.89239501953125,
            657.065673828125
        ],
        "rotated-kurtosis": [
            2.957793951034546, 3.086808681488037, 2.933513641357422,
            2.8219964504241943, 2.917363166809082, 3.045736074447632,
            2.9612882137298584, 3.111191749572754, 2.9906816482543945,
            2.951444149017334, 2.8732471466064453, 3.0261611938476562,
            2.8556575775146484, 3.122034788131714, 3.020453453063965,
            2.9531543254852295, 3.163503408432007, 2.941812038421631,
            3.0290699005126953, 2.8568642139434814, 3.1535794734954834,
            2.944552183151245, 3.0125412940979004, 3.0681447982788086,
            2.9306979179382324
        ],
        "rms": [
            0.09069578349590302, 3.847285509109497, 4.692460536956787,
            5.576601505279541, 11.898837089538574, 12.539998054504395,
            14.34795093536377, 15.262600898742676, 15.877859115600586,
            16.620771408081055, 17.048643112182617, 17.27444839477539,
            17.509309768676758, 17.681716918945312, 17.934398651123047,
            18.241493225097656, 18.769084930419922, 19.305002212524414,
            20.162921905517578, 21.372583389282227, 22.675174713134766,
            24.28096580505371, 27.438161849975586, 31.04353904724121,
            7.5209126472473145
        ]
    },
    "layers": [
        [0, 0],
        [1, 0],
        [2, 0],
        [3, 0],
        [4, 0],
        [5, 0],
        [6, 0],
        [7, 0],
        [8, 0],
        [9, 0],
        [10, 0],
        [11, 0],
        [12, 0],
        [13, 0],
        [14, 0],
        [15, 0],
        [16, 0],
        [17, 0],
        [18, 0],
        [19, 0],
        [20, 0],
        [21, 0],
        [22, 0],
        [23, 0],
        [24, 0]
    ]
}
