{
    "imagenet": {
        "outliers": [
            0.109375, 0.109375, 0.125, 0.248046875, 0.15234375, 0.099609375,
            0.095703125, 0.3720703125, 0.359375, 0.333984375, 0.2822265625,
            0.294921875, 0.263671875, 0.26953125, 0.291015625, 0.3115234375,
            0.3359375, 0.349609375, 0.3310546875, 0.3076171875, 0.357421875,
            0.39453125, 0.4609375, 0.5185546875, 0.5400390625, 0.56640625,
            0.623046875, 0.6328125, 0.5830078125, 0.5302734375, 0.8935546875,
            0.955078125, 0.89404296875
        ],
        "kurtosis": [
            9.487419128417969, 12.73042106628418, 13.858558654785156,
            7.332942485809326, 7.27872371673584, 13.394253730773926,
            10.921605110168457, 8.267138481140137, 6.811103820800781,
            6.75416898727417, 6.807806968688965, 6.123327732086182,
            6.391998767852783, 7.336800575256348, 9.190912246704102,
            10.227835655212402, 11.310871124267578, 10.889677047729492,
            11.4837646484375, 12.146707534790039, 11.905735969543457,
            11.420692443847656, 10.48749828338623, 10.611419677734375,
            10.576812744140625, 9.990438461303711, 10.374747276306152,
            10.136955261230469, 10.91059398651123, 11.319154739379883,
            41.718528747558594, 78.16947937011719, 391.97320556640625
        ],
        "rotated-kurtosis": [
            2.9571692943573, 2.90503191947937, 3.097414970397949,
            3.049211025238037, 2.8905060291290283, 3.05977463722229,
            2.9316787719726562, 2.979494571685791, 2.9812822341918945,
            2.9687037467956543, 3.1552600860595703, 2.937488079071045,
            2.837270975112915, 3.0840213298797607, 2.916691541671753,
            2.954148054122925, 3.000230073928833, 2.8602237701416016,
            3.079045057296753, 2.8595147132873535, 3.0553462505340576,
            2.8734781742095947, 2.983132839202881, 2.89325213432312,
            2.7602124214172363, 3.0542659759521484, 3.0670852661132812,
            3.044083833694458, 2.936467170715332, 2.86098051071167,
            3.0195512771606445, 3.0064799785614014, 2.9989027976989746
        ],
        "top1": [
            0.00234, 0.00216, 0.0025, 0.004, 0.00392, 0.0051, 0.00622, 0.01188,
            0.01566, 0.01816, 0.02008, 0.02256, 0.0228, 0.02744, 0.03298,
            0.04002, 0.0435, 0.0433, 0.04322, 0.05312, 0.07802, 0.09356,
            0.11968, 0.16688, 0.20698, 0.25336, 0.33056, 0.38544, 0.40378,
            0.40952, 0.76088, 0.80008, 0.81904
        ],
        "top5": [
            0.0095, 0.00982, 0.01116, 0.0143, 0.01542, 0.01696, 0.01834,
            0.04192, 0.04498, 0.04638, 0.04744, 0.04982, 0.05246, 0.06502,
            0.08576, 0.09934, 0.11434, 0.11224, 0.11464, 0.13696, 0.18642,
            0.2181, 0.26742, 0.34528, 0.41676, 0.47696, 0.58084, 0.64192,
            0.65798, 0.65214, 0.93444, 0.94964, 0.95764
        ],
        "reversed-top1": [
            0.819, 0.3516, 0.5452, 0.0748, 0.0445, 0.0442, 0.0054, 0.0021,
            0.005, 0.0047, 0.0026, 0.0024, 0.0026, 0.0025, 0.0024, 0.0019,
            0.0021, 0.0025, 0.0024, 0.0022, 0.0029, 0.0033, 0.0026, 0.0031,
            0.0029, 0.003, 0.0032, 0.0034, 0.0014, 0.0026, 0.0032, 0.001, 0.0015
        ],
        "rms": [
            1.061120867729187, 1.2592628002166748, 1.5491974353790283,
            1.373155951499939, 1.2181601524353027, 1.134839653968811,
            1.214970588684082, 1.5020489692687988, 1.485331416130066,
            1.400693416595459, 1.3492558002471924, 1.3683749437332153,
            1.3040374517440796, 1.2640380859375, 1.2355976104736328,
            1.3123071193695068, 1.3927428722381592, 1.4654847383499146,
            1.453066349029541, 1.3976619243621826, 1.4418416023254395,
            1.4792051315307617, 1.5482189655303955, 1.543710708618164,
            1.5118826627731323, 1.5021158456802368, 1.4709564447402954,
            1.4626457691192627, 1.369328260421753, 1.3862073421478271,
            0.5774238109588623, 0.5022465586662292, 0.28024715185165405
        ],
        "reversed-top5": [
            0.9577, 0.5439, 0.7681, 0.1605, 0.1106, 0.11, 0.0197, 0.0093,
            0.0189, 0.0184, 0.0117, 0.0118, 0.012, 0.013, 0.012, 0.0103, 0.012,
            0.0114, 0.0112, 0.0107, 0.012, 0.0123, 0.0126, 0.0127, 0.0126,
            0.0131, 0.0125, 0.0123, 0.0098, 0.0122, 0.0127, 0.0052, 0.0066
        ]
    },
    "layers": [
        [0, 0],
        [0, 1],
        [0, 2],
        [1, 0],
        [1, 1],
        [1, 2],
        [1, 3],
        [2, 0],
        [2, 1],
        [2, 2],
        [2, 3],
        [2, 4],
        [2, 5],
        [2, 6],
        [2, 7],
        [2, 8],
        [2, 9],
        [2, 10],
        [2, 11],
        [2, 12],
        [2, 13],
        [2, 14],
        [2, 15],
        [2, 16],
        [2, 17],
        [2, 18],
        [2, 19],
        [2, 20],
        [2, 21],
        [2, 22],
        [3, 0],
        [3, 1],
        [3, 2]
    ]
}
