{
    "imagenet": {
        "outliers": [
            0.328125,
            0.375,
            0.390625,
            0.0234375,
            0.0234375,
            0.0234375,
            0.015625,
            0.0078125,
            0.0,
            0.0,
            0.0,
            0.0,
            0.0,
            0.11328125,
            0.0234375,
            0.35546875
        ],
        "kurtosis": [
            2.295473337173462,
            3.033709764480591,
            4.2528276443481445,
            9.904093742370605,
            5.155219554901123,
            3.982954740524292,
            6.203594207763672,
            8.999765396118164,
            5.652383804321289,
            5.449435710906982,
            3.9511091709136963,
            3.828352212905884,
            4.469351291656494,
            3.4977099895477295,
            6.169610023498535,
            13.50521469116211
        ],
        "rotated-kurtosis": [
            3.636284589767456,
            2.535207509994507,
            2.5360219478607178,
            3.5919346809387207,
            2.6085333824157715,
            2.4545745849609375,
            3.6443324089050293,
            2.9916481971740723,
            2.741600513458252,
            2.9665141105651855,
            3.0350489616394043,
            3.147662401199341,
            3.4320027828216553,
            2.9332921504974365,
            3.0110418796539307,
            2.9959557056427
        ],
        "top1": [
            0.00096,
            0.00106,
            0.001,
            0.001,
            0.00098,
            0.00098,
            0.00092,
            0.001,
            0.001,
            0.001,
            0.001,
            0.001,
            0.001,
            0.02718,
            0.16212,
            0.4769
        ],
        "top5": [
            0.00452,
            0.00508,
            0.00532,
            0.00444,
            0.00496,
            0.0043,
            0.00404,
            0.00378,
            0.00402,
            0.00422,
            0.00434,
            0.0046,
            0.00478,
            0.08654,
            0.35326,
            0.72356
        ],
        "rms": [
            3.067427158355713,
            3.393216609954834,
            3.561474561691284,
            1.5259277820587158,
            1.677259087562561,
            1.6987537145614624,
            1.5547869205474854,
            1.1372668743133545,
            1.2073948383331299,
            1.1157457828521729,
            1.125531792640686,
            1.0587745904922485,
            0.863243818283081,
            1.3815581798553467,
            0.69733065366745,
            0.6537410616874695
        ]
    },
    "layers": [
        [
            0,
            0
        ],
        [
            0,
            1
        ],
        [
            0,
            2
        ],
        [
            1,
            0
        ],
        [
            1,
            1
        ],
        [
            1,
            2
        ],
        [
            1,
            3
        ],
        [
            2,
            0
        ],
        [
            2,
            1
        ],
        [
            2,
            2
        ],
        [
            2,
            3
        ],
        [
            2,
            4
        ],
        [
            2,
            5
        ],
        [
            3,
            0
        ],
        [
            3,
            1
        ],
        [
            3,
            2
        ]
    ]
}