{"imagenet": {"outliers": [0.125, 0.13671875, 0.1484375, 0.322265625, 0.263671875, 0.228515625, 0.181640625, 0.205078125, 0.17578125, 0.185546875, 0.181640625, 0.484375, 0.4833984375, 0.4658203125, 0.458984375, 0.4755859375, 0.4794921875, 0.4755859375, 0.470703125, 0.4658203125, 0.4462890625, 0.4638671875, 0.4892578125, 0.501953125, 0.5390625, 0.5673828125, 0.55078125, 0.56640625, 0.5966796875, 0.6416015625, 0.693359375, 0.6953125, 0.7197265625, 0.771484375, 0.81640625, 0.8359375, 0.8564453125, 0.8837890625, 0.89453125, 0.8916015625, 0.9072265625, 0.9111328125, 0.921875, 0.9384765625, 0.9189453125, 0.912109375, 0.873046875, 0.921875, 0.9560546875, 0.87890625], "kurtosis": [12.950590133666992, 18.39818000793457, 19.697221755981445, 8.859220504760742, 6.330160617828369, 7.528594493865967, 8.856621742248535, 9.035277366638184, 9.581459045410156, 10.682318687438965, 10.30691146850586, 7.899843692779541, 7.16582727432251, 6.575295448303223, 6.2332048416137695, 5.970203876495361, 7.079701900482178, 7.688717365264893, 8.572559356689453, 9.399020195007324, 9.92648696899414, 10.694717407226562, 10.850288391113281, 10.805885314941406, 10.239532470703125, 9.817420959472656, 9.719100952148438, 9.82882022857666, 9.297537803649902, 9.145776748657227, 8.983166694641113, 8.913504600524902, 8.620635986328125, 8.326366424560547, 8.379380226135254, 8.288064002990723, 8.55186939239502, 9.095736503601074, 9.782398223876953, 10.876873970031738, 12.370348930358887, 14.654463768005371, 16.12795066833496, 16.88153839111328, 17.66087532043457, 18.926212310791016, 23.123292922973633, 45.39410400390625, 85.08970642089844, 500.5189514160156], "rotated-kurtosis": [3.211400270462036, 3.196338415145874, 3.1294610500335693, 2.998711347579956, 2.905294895172119, 2.857750654220581, 3.1058547496795654, 3.0162181854248047, 2.9468796253204346, 2.927185297012329, 2.7212541103363037, 3.1281538009643555, 2.8238468170166016, 3.1484155654907227, 2.978374481201172, 2.8370697498321533, 3.1103010177612305, 2.779660940170288, 2.942376136779785, 3.0147290229797363, 2.9089791774749756, 2.9406943321228027, 3.1196815967559814, 3.0033066272735596, 2.8073227405548096, 2.867206335067749, 2.9506139755249023, 2.909407615661621, 3.0986733436584473, 2.954934597015381, 2.8894433975219727, 3.198134660720825, 3.2094919681549072, 2.984645366668701, 3.0021321773529053, 3.126741647720337, 2.842177391052246, 2.8425443172454834, 3.0016121864318848, 3.003674268722534, 2.8503122329711914, 3.1835830211639404, 3.0752880573272705, 3.041013240814209, 3.1069140434265137, 2.942598342895508, 2.976825714111328, 2.9889774322509766, 3.0130293369293213, 2.99530291557312], "top1": [0.00142, 0.00126, 0.00138, 0.00162, 0.00144, 0.00198, 0.00152, 0.00212, 0.00204, 0.00278, 0.003, 0.01084, 0.0072, 0.00736, 0.00704, 0.0097, 0.01542, 0.02018, 0.02238, 0.0238, 0.02404, 0.02398, 0.03058, 0.03184, 0.03652, 0.03514, 0.03526, 0.03744, 0.04424, 0.05176, 0.06026, 0.06338, 0.07624, 0.0891, 0.11514, 0.15344, 0.18338, 0.23462, 0.2737, 0.28062, 0.34382, 0.4206, 0.46882, 0.53042, 0.54106, 0.57014, 0.54892, 0.78552, 0.8124, 0.8229], "top5": [0.00714, 0.00662, 0.00682, 0.00738, 0.00914, 0.008, 0.00912, 0.01102, 0.01086, 0.01238, 0.01302, 0.04456, 0.03772, 0.04152, 0.042, 0.0494, 0.05694, 0.06408, 0.06746, 0.0719, 0.07422, 0.07774, 0.08854, 0.09086, 0.10868, 0.10838, 0.108, 0.11436, 0.1331, 0.15612, 0.17572, 0.1845, 0.21146, 0.22938, 0.27618, 0.34304, 0.39146, 0.47026, 0.523, 0.53676, 0.6006, 0.6718, 0.71828, 0.77438, 0.78228, 0.80964, 0.7721, 0.94432, 0.9553, 0.96006], "reversed-top1": [0.8229, 0.0446, 0.4359, 0.084, 0.1197, 0.077, 0.0491, 0.0247, 0.0084, 0.0093, 0.0045, 0.0018, 0.0049, 0.0029, 0.0025, 0.0023, 0.002, 0.0023, 0.0021, 0.0017, 0.0026, 0.002, 0.0024, 0.0026, 0.0025, 0.0019, 0.0018, 0.0018, 0.0018, 0.0023, 0.0022, 0.0023, 0.0025, 0.002, 0.0021, 0.002, 0.0017, 0.0018, 0.0018, 0.0019, 0.0018, 0.0022, 0.0019, 0.0022, 0.0021, 0.002, 0.002, 0.0021, 0.0011, 0.0014], "rms": [1.1255635023117065, 1.4179121255874634, 1.5178579092025757, 1.827634572982788, 1.7283457517623901, 1.6118102073669434, 1.5827007293701172, 1.643065333366394, 1.6264506578445435, 1.6626614332199097, 1.6435095071792603, 1.7475117444992065, 1.7585783004760742, 1.7936455011367798, 1.7650526762008667, 1.7560019493103027, 1.6952711343765259, 1.718924880027771, 1.7278510332107544, 1.7358224391937256, 1.7428749799728394, 1.781929612159729, 1.8565285205841064, 1.9124524593353271, 1.9743905067443848, 2.0433433055877686, 2.0835299491882324, 2.0754098892211914, 2.1146702766418457, 2.1476197242736816, 2.167471170425415, 2.151583194732666, 2.1834845542907715, 2.209533929824829, 2.1956326961517334, 2.1792044639587402, 2.134337902069092, 2.098436117172241, 2.083709478378296, 2.010573148727417, 1.9733902215957642, 1.8868210315704346, 1.8743867874145508, 1.8740347623825073, 1.7983317375183105, 1.7774468660354614, 1.812426209449768, 0.5942943692207336, 0.5072814226150513, 0.26032811403274536], "reversed-top5": [0.9601, 0.1773, 0.6658, 0.1779, 0.2498, 0.1748, 0.1196, 0.0696, 0.028, 0.031, 0.0184, 0.0093, 0.0219, 0.0131, 0.0114, 0.0112, 0.0101, 0.011, 0.0105, 0.0091, 0.0108, 0.009, 0.0102, 0.0104, 0.0111, 0.0099, 0.0098, 0.0099, 0.01, 0.0098, 0.0096, 0.0101, 0.0103, 0.0106, 0.0108, 0.0107, 0.0107, 0.0087, 0.0101, 0.01, 0.0087, 0.0105, 0.0093, 0.0108, 0.0099, 0.0083, 0.0086, 0.0082, 0.0048, 0.0053]}, "layers": [[0, 0], [0, 1], [0, 2], [1, 0], [1, 1], [1, 2], [1, 3], [1, 4], [1, 5], [1, 6], [1, 7], [2, 0], [2, 1], [2, 2], [2, 3], [2, 4], [2, 5], [2, 6], [2, 7], [2, 8], [2, 9], [2, 10], [2, 11], [2, 12], [2, 13], [2, 14], [2, 15], [2, 16], [2, 17], [2, 18], [2, 19], [2, 20], [2, 21], [2, 22], [2, 23], [2, 24], [2, 25], [2, 26], [2, 27], [2, 28], [2, 29], [2, 30], [2, 31], [2, 32], [2, 33], [2, 34], [2, 35], [3, 0], [3, 1], [3, 2]]}