{"mnli": {"outliers": [0.0654296875, 0.03125, 0.017578125, 0.017578125, 0.01953125, 0.021484375, 0.013671875, 0.0107421875, 0.009765625, 0.009765625, 0.009765625, 0.0107421875, 0.0107421875, 0.009765625, 0.01171875, 0.01171875, 0.013671875, 0.01171875, 0.013671875, 0.0126953125, 0.0146484375, 0.0146484375, 0.0126953125, 0.009765625, 0.001953125], "kurtosis": [4.867680072784424, 65.55272674560547, 86.89436340332031, 155.35679626464844, 235.81329345703125, 278.20306396484375, 324.115478515625, 411.74530029296875, 483.23944091796875, 510.15716552734375, 498.9313659667969, 458.840087890625, 470.8990173339844, 474.4429931640625, 471.85333251953125, 328.8965148925781, 285.9666748046875, 306.1375427246094, 354.5146484375, 395.6695861816406, 342.3424987792969, 336.5296325683594, 478.7703552246094, 518.6821899414062, 933.4132690429688], "rotated-kurtosis": [2.907355785369873, 2.9564530849456787, 2.9281764030456543, 2.8891091346740723, 3.1001827716827393, 3.057939291000366, 3.0250961780548096, 3.199350118637085, 2.9202189445495605, 3.0395829677581787, 3.0092411041259766, 3.0616447925567627, 3.178863286972046, 2.896871328353882, 2.945509672164917, 2.932668924331665, 3.0142598152160645, 3.037830352783203, 2.858402967453003, 2.986015558242798, 2.9904935359954834, 3.075885534286499, 2.8476955890655518, 3.0238778591156006, 2.8770971298217773], "rms": [0.9533944129943848, 0.8534209132194519, 0.8725767731666565, 0.9097074270248413, 0.9147846102714539, 0.938918948173523, 0.9602060317993164, 0.9770062565803528, 0.9967870712280273, 0.9913346767425537, 0.9935818314552307, 0.9524277448654175, 0.9692062735557556, 0.9752758741378784, 0.9815343618392944, 0.9896680116653442, 0.9984697103500366, 0.9724330306053162, 0.9703976511955261, 0.9559237957000732, 0.9461147785186768, 0.9915672540664673, 1.0072705745697021, 1.0111111402511597, 0.9895343780517578]}, "mnli-mm": {"outliers": [0.0751953125, 0.0234375, 0.0166015625, 0.0146484375, 0.01953125, 0.0146484375, 0.013671875, 0.0107421875, 0.009765625, 0.009765625, 0.0087890625, 0.0087890625, 0.0087890625, 0.0107421875, 0.009765625, 0.0126953125, 0.0107421875, 0.009765625, 0.0126953125, 0.0126953125, 0.0126953125, 0.013671875, 0.009765625, 0.0078125, 0.0029296875], "kurtosis": [4.987513542175293, 67.83435821533203, 88.49310302734375, 157.40257263183594, 235.19859313964844, 281.4581604003906, 327.3086242675781, 414.64300537109375, 486.88140869140625, 509.11865234375, 499.0672912597656, 456.7926025390625, 471.1391906738281, 471.4739074707031, 471.24298095703125, 329.08416748046875, 285.37127685546875, 302.6256103515625, 349.1214294433594, 387.8436584472656, 340.66070556640625, 340.8861999511719, 470.9580993652344, 502.3753662109375, 929.9476318359375], "rotated-kurtosis": [2.927419900894165, 3.1304497718811035, 2.9987409114837646, 2.987211227416992, 2.8850722312927246, 2.858405828475952, 2.8477954864501953, 3.092564582824707, 3.0152335166931152, 3.046318769454956, 2.9498026371002197, 2.9099347591400146, 2.961578607559204, 3.331886053085327, 3.004838705062866, 2.919313907623291, 3.0404136180877686, 3.02970290184021, 2.92974591255188, 3.088001251220703, 3.088955879211426, 2.891918659210205, 3.091660261154175, 3.05991268157959, 3.05525803565979], "rms": [0.9515329003334045, 0.8530575037002563, 0.8723328113555908, 0.909393310546875, 0.9148573875427246, 0.9387685656547546, 0.9601580500602722, 0.9770572185516357, 0.9970122575759888, 0.9913631081581116, 0.9937940239906311, 0.9526224136352539, 0.9692919254302979, 0.975406289100647, 0.9816388487815857, 0.9898588061332703, 0.998476505279541, 0.9725794792175293, 0.9705319404602051, 0.9563543796539307, 0.9463099837303162, 0.9915098547935486, 1.0073671340942383, 1.0110074281692505, 0.9895069599151611]}, "layers": [[0, 0], [1, 0], [2, 0], [3, 0], [4, 0], [5, 0], [6, 0], [7, 0], [8, 0], [9, 0], [10, 0], [11, 0], [12, 0], [13, 0], [14, 0], [15, 0], [16, 0], [17, 0], [18, 0], [19, 0], [20, 0], [21, 0], [22, 0], [23, 0], [24, 0]]}