{"mnli": {"outliers": [0.0013020833333333333, 0.0013020833333333333, 0.016927083333333332, 0.0078125, 0.013020833333333334, 0.022135416666666668, 0.018229166666666668, 0.015625, 0.020833333333333332, 0.0390625, 0.036458333333333336, 0.041666666666666664, 0.022135416666666668], "kurtosis": [14.31240463256836, 190.37554931640625, 436.9139709472656, 409.2160339355469, 354.8128662109375, 331.2637634277344, 314.8681945800781, 289.1414794921875, 185.7613983154297, 113.53402709960938, 87.05101013183594, 71.49946594238281, 40.5338134765625], "rotated-kurtosis": [3.19533109664917, 2.943085193634033, 2.859408378601074, 3.044868230819702, 2.888164520263672, 2.977003574371338, 2.859551191329956, 3.0617055892944336, 2.9611339569091797, 3.001476764678955, 3.0578644275665283, 3.0123727321624756, 2.9759609699249268], "rms": [0.35109972953796387, 0.5919853448867798, 0.8501713871955872, 0.8142032623291016, 0.8043191432952881, 0.8861432671546936, 0.897382915019989, 0.9129289388656616, 0.8970497846603394, 0.8971971273422241, 0.8862941861152649, 0.858934760093689, 0.7226054072380066], "accuracy": [0.3544574630667346, 0.31818644931227713, 0.31818644931227713, 0.31818644931227713, 0.31818644931227713, 0.31818644931227713, 0.31818644931227713, 0.31818644931227713, 0.31818644931227713, 0.8107997962302598, 0.8775343861436576, 0.8793683138053999, 0.8779419256240448], "reversed-accuracy": [0.3545, 0.3419, 0.3526, 0.3323, 0.3182, 0.321, 0.3198, 0.3311, 0.3663, 0.3535, 0.3628, 0.6408, 0.8779]}, "mnli-mm": {"outliers": [0.0013020833333333333, 0.0013020833333333333, 0.013020833333333334, 0.0078125, 0.010416666666666666, 0.024739583333333332, 0.022135416666666668, 0.018229166666666668, 0.028645833333333332, 0.046875, 0.037760416666666664, 0.04296875, 0.024739583333333332], "kurtosis": [14.889680862426758, 191.80361938476562, 437.068359375, 409.10711669921875, 355.09356689453125, 329.8825378417969, 312.8345031738281, 287.41949462890625, 183.5914764404297, 111.43536376953125, 85.65518951416016, 71.80177307128906, 40.99724578857422], "rotated-kurtosis": [3.0889358520507812, 2.992302417755127, 2.8409945964813232, 3.1500420570373535, 2.940690279006958, 2.8563852310180664, 3.157809257507324, 3.04360294342041, 2.789743185043335, 2.9646692276000977, 2.9373536109924316, 3.0151026248931885, 2.934605836868286], "rms": [0.35032036900520325, 0.5937526226043701, 0.8510140776634216, 0.8141971826553345, 0.8039811253547668, 0.8857771754264832, 0.8965426683425903, 0.9122961759567261, 0.896825909614563, 0.8966867923736572, 0.8858519792556763, 0.859260618686676, 0.7241255640983582], "accuracy": [0.3522172497965826, 0.31834825061025224, 0.318246541903987, 0.318246541903987, 0.318246541903987, 0.318246541903987, 0.318246541903987, 0.318246541903987, 0.318246541903987, 0.8037021969080553, 0.8727624084621644, 0.8761187957689178, 0.8755085435313262], "reversed-accuracy": [0.3522, 0.3346, 0.3476, 0.3293, 0.3182, 0.3234, 0.3217, 0.3341, 0.3679, 0.3527, 0.3603, 0.6513, 0.8755]}, "layers": [[0, 0], [1, 0], [2, 0], [3, 0], [4, 0], [5, 0], [6, 0], [7, 0], [8, 0], [9, 0], [10, 0], [11, 0], [12, 0]]}