{"mnli": {"outliers": [0.064453125, 0.0400390625, 0.0283203125, 0.0341796875, 0.0439453125, 0.048828125, 0.0322265625, 0.021484375, 0.0146484375, 0.015625, 0.0146484375, 0.013671875, 0.009765625, 0.0107421875, 0.013671875, 0.01171875, 0.013671875, 0.013671875, 0.0205078125, 0.0283203125, 0.046875, 0.0791015625, 0.03125, 0.017578125, 0.0068359375], "kurtosis": [4.962637901306152, 63.948944091796875, 76.8785400390625, 115.98865509033203, 149.16481018066406, 162.62672424316406, 184.8310089111328, 245.97300720214844, 354.73150634765625, 455.45001220703125, 484.8118591308594, 457.578857421875, 490.5343322753906, 463.4559326171875, 470.2823791503906, 328.8043518066406, 351.9208068847656, 357.0295715332031, 350.2939147949219, 299.96514892578125, 237.33421325683594, 184.685302734375, 257.4984436035156, 147.98147583007812, 158.23944091796875], "rotated-kurtosis": [2.904111385345459, 2.930511713027954, 2.9819228649139404, 2.8837668895721436, 3.1354331970214844, 3.0601797103881836, 2.9814350605010986, 3.0669424533843994, 3.014695882797241, 3.0343239307403564, 2.9852523803710938, 2.9525649547576904, 3.3337247371673584, 2.902208089828491, 2.948770523071289, 2.8893260955810547, 3.0242955684661865, 3.0872297286987305, 2.8596932888031006, 2.9356353282928467, 2.9919517040252686, 3.0703303813934326, 2.8608028888702393, 2.944683790206909, 3.0053000450134277], "rms": [0.9527574181556702, 0.8584374785423279, 0.8751137256622314, 0.9124118685722351, 0.9230455160140991, 0.9449926614761353, 0.9607053995132446, 0.9732906222343445, 0.9877322316169739, 0.981420636177063, 0.984480619430542, 0.9437890648841858, 0.9599840641021729, 0.9702848792076111, 0.9744940996170044, 0.9758617877960205, 0.9882935881614685, 0.9634356498718262, 0.966369092464447, 0.9585615396499634, 0.9583073854446411, 0.990847647190094, 0.999843418598175, 1.0007152557373047, 0.981258749961853], "accuracy": [0.31818644931227713, 0.31818644931227713, 0.31818644931227713, 0.31818644931227713, 0.31818644931227713, 0.31818644931227713, 0.31818644931227713, 0.31645440652063167, 0.31370351502801835, 0.32022414671421295, 0.3230769230769231, 0.31777890983188994, 0.31818644931227713, 0.31818644931227713, 0.31818644931227713, 0.31818644931227713, 0.31818644931227713, 0.31818644931227713, 0.3182883341823739, 0.3801324503311258, 0.8847682119205298, 0.9012735608762099, 0.9011716760061131, 0.9013754457463067, 0.9017829852266939], "reversed-accuracy": [0.3182, 0.3274, 0.3276, 0.3362, 0.3239, 0.3205, 0.349, 0.3284, 0.3282, 0.3275, 0.3269, 0.3276, 0.328, 0.3341, 0.3386, 0.3589, 0.3509, 0.5745, 0.5759, 0.7524, 0.8433, 0.8774, 0.8913, 0.8716, 0.9018]}, "mnli-mm": {"outliers": [0.0732421875, 0.0283203125, 0.029296875, 0.0302734375, 0.041015625, 0.037109375, 0.0224609375, 0.021484375, 0.01171875, 0.0126953125, 0.0107421875, 0.0107421875, 0.009765625, 0.009765625, 0.0126953125, 0.01171875, 0.01171875, 0.0107421875, 0.0166015625, 0.0302734375, 0.0478515625, 0.083984375, 0.0234375, 0.0185546875, 0.005859375], "kurtosis": [5.0890278816223145, 65.880126953125, 78.03749084472656, 116.77886199951172, 147.70394897460938, 162.03936767578125, 185.4873809814453, 246.15731811523438, 358.1748046875, 455.279541015625, 482.2770080566406, 452.2991638183594, 485.19879150390625, 457.97161865234375, 464.4428405761719, 317.25921630859375, 333.10113525390625, 337.8617858886719, 331.3474426269531, 277.2270202636719, 213.92002868652344, 161.9196014404297, 239.65103149414062, 153.80224609375, 156.76853942871094], "rotated-kurtosis": [2.9339654445648193, 3.0755298137664795, 3.0379881858825684, 2.902306318283081, 2.997954845428467, 2.929616689682007, 2.8703060150146484, 3.010183095932007, 2.9793617725372314, 3.0854172706604004, 3.0184781551361084, 2.926616668701172, 2.856275796890259, 3.136148452758789, 2.9846510887145996, 3.0140256881713867, 3.0063817501068115, 3.1088216304779053, 2.969517469406128, 3.034686803817749, 3.0309112071990967, 2.9943859577178955, 3.0418434143066406, 3.0157577991485596, 3.040215253829956], "rms": [0.9508774280548096, 0.8582568168640137, 0.8749160766601562, 0.9123252034187317, 0.923356294631958, 0.9451702237129211, 0.9608356952667236, 0.9734743237495422, 0.9880150556564331, 0.9815863966941833, 0.984647810459137, 0.9440776705741882, 0.9601410627365112, 0.9704460501670837, 0.9747357964515686, 0.976934015750885, 0.988597571849823, 0.964024543762207, 0.9667901396751404, 0.9598751664161682, 0.9600433111190796, 0.991386353969574, 0.9999016523361206, 1.00070321559906, 0.9812917709350586], "accuracy": [0.318246541903987, 0.318246541903987, 0.318246541903987, 0.318246541903987, 0.318246541903987, 0.318246541903987, 0.318246541903987, 0.3172294548413344, 0.30665174938974776, 0.31397477624084624, 0.3221114727420667, 0.31855166802278273, 0.318246541903987, 0.318246541903987, 0.318246541903987, 0.318246541903987, 0.318246541903987, 0.318246541903987, 0.3184499593165175, 0.38272986167615947, 0.886899918633035, 0.8971724979658259, 0.8978844589096827, 0.8971724979658259, 0.8987998372660699], "reversed-accuracy": [0.3182, 0.3295, 0.3296, 0.3403, 0.3205, 0.3203, 0.3451, 0.3372, 0.3274, 0.3259, 0.3283, 0.3297, 0.329, 0.3439, 0.3432, 0.3649, 0.3573, 0.5836, 0.6066, 0.7645, 0.8426, 0.8797, 0.8921, 0.8742, 0.8988]}, "layers": [[0, 0], [1, 0], [2, 0], [3, 0], [4, 0], [5, 0], [6, 0], [7, 0], [8, 0], [9, 0], [10, 0], [11, 0], [12, 0], [13, 0], [14, 0], [15, 0], [16, 0], [17, 0], [18, 0], [19, 0], [20, 0], [21, 0], [22, 0], [23, 0], [24, 0]]}