{
    "mnli": {
        "outliers": [
            0.0013020833333333333, 0.0013020833333333333, 0.009114583333333334,
            0.005208333333333333, 0.010416666666666666, 0.022135416666666668,
            0.022135416666666668, 0.01953125, 0.022135416666666668,
            0.029947916666666668, 0.026041666666666668, 0.03125,
            0.009114583333333334
        ],
        "kurtosis": [
            14.019213676452637, 207.23814392089844, 475.2272644042969,
            439.3783874511719, 401.1441650390625, 353.48944091796875,
            269.84906005859375, 290.7898254394531, 258.9266662597656,
            263.7014465332031, 324.75958251953125, 373.52532958984375,
            416.7599182128906
        ],
        "rotated-kurtosis": [
            3.2231874465942383, 2.944889545440674, 2.832624673843384,
            2.9877114295959473, 2.888216257095337, 3.0298025608062744,
            2.9091439247131348, 3.222290515899658, 3.008732795715332,
            2.9739208221435547, 3.0411946773529053, 2.89217209815979,
            2.985201835632324
        ],
        "rms": [
            0.3548339307308197, 0.596215546131134, 0.8692249059677124,
            0.825856626033783, 0.807854950428009, 0.8825769424438477,
            0.8751250505447388, 0.9145926833152771, 0.9180430769920349,
            0.9393162727355957, 0.9542359113693237, 0.9250946640968323,
            0.43878310918807983
        ]
    },
    "mnli-mm": {
        "outliers": [
            0.0013020833333333333, 0.0013020833333333333, 0.0078125, 0.00390625,
            0.009114583333333334, 0.020833333333333332, 0.020833333333333332,
            0.01953125, 0.026041666666666668, 0.028645833333333332,
            0.028645833333333332, 0.032552083333333336, 0.009114583333333334
        ],
        "kurtosis": [
            14.565919876098633, 209.71206665039062, 475.8547668457031,
            440.5288391113281, 400.8668518066406, 353.0888366699219,
            267.68865966796875, 288.0089416503906, 255.18650817871094,
            261.40374755859375, 326.4426574707031, 378.2736511230469,
            421.0646057128906
        ],
        "rotated-kurtosis": [
            3.0405337810516357, 2.9946582317352295, 2.858731985092163,
            3.1432690620422363, 3.0393805503845215, 2.8647539615631104,
            3.4739108085632324, 3.1350150108337402, 2.814229726791382,
            3.035283088684082, 2.955754041671753, 2.986025333404541,
            2.9058027267456055
        ],
        "rms": [
            0.354030042886734, 0.5983363389968872, 0.8700556755065918,
            0.8259264826774597, 0.8072755932807922, 0.8815165162086487,
            0.8736165165901184, 0.9132113456726074, 0.9165030121803284,
            0.9386179447174072, 0.9541652202606201, 0.9253688454627991,
            0.44056153297424316
        ]
    },
    "layers": [
        [0, 0],
        [1, 0],
        [2, 0],
        [3, 0],
        [4, 0],
        [5, 0],
        [6, 0],
        [7, 0],
        [8, 0],
        [9, 0],
        [10, 0],
        [11, 0],
        [12, 0]
    ]
}
